{
  "model_type": "TANClassifier",
  "structure_type": "bayesian_network",
  "n_features": 6,
  "feature_names": [
    "age",
    "income",
    "score",
    "region",
    "tenure",
    "visits"
  ],
  "classes": [
    0,
    1,
    2
  ],
  "n_classes": 3,
  "nodes": [
    "Y",
    "0",
    "1",
    "2",
    "3",
    "4",
    "5"
  ],
  "edges": [
    [
      "Y",
      "0"
    ],
    [
      "Y",
      "1"
    ],
    [
      "Y",
      "2"
    ],
    [
      "Y",
      "3"
    ],
    [
      "Y",
      "4"
    ],
    [
      "Y",
      "5"
    ],
    [
      "0",
      "2"
    ],
    [
      "0",
      "5"
    ],
    [
      "1",
      "3"
    ],
    [
      "3",
      "4"
    ],
    [
      "5",
      "1"
    ]
  ],
  "cpts": {
    "0": {
      "shape": [
        3,
        3
      ],
      "values": [
        [
          0.3055555555555556,
          0.36220472440944884,
          0.3188405797101449
        ],
        [
          0.4305555555555556,
          0.30708661417322836,
          0.30434782608695654
        ],
        [
          0.2638888888888889,
          0.33070866141732286,
          0.37681159420289856
        ]
      ]
    },
    "1": {
      "shape": [
        3,
        3,
        3
      ],
      "values": [
        [
          [
            0.2549019607843137,
            0.26,
            0.20408163265306123
          ],
          [
            0.30434782608695654,
            0.4666666666666667,
            0.30952380952380953
          ],
          [
            0.3333333333333333,
            0.275,
            0.32142857142857145
          ]
        ],
        [
          [
            0.39215686274509803,
            0.32,
            0.30612244897959184
          ],
          [
            0.2826086956521739,
            0.26666666666666666,
            0.38095238095238093
          ],
          [
            0.25,
            0.475,
            0.3392857142857143
          ]
        ],
        [
          [
            0.35294117647058826,
            0.42,
            0.4897959183673469
          ],
          [
            0.41304347826086957,
            0.26666666666666666,
            0.30952380952380953
          ],
          [
            0.4166666666666667,
            0.25,
            0.3392857142857143
          ]
        ]
      ]
    },
    "2": {
      "shape": [
        3,
        3,
        3
      ],
      "values": [
        [
          [
            0.9565217391304348,
            0.015625,
            0.025
          ],
          [
            0.020833333333333332,
            0.9512195121951219,
            0.022727272727272728
          ],
          [
            0.021739130434782608,
            0.022727272727272728,
            0.9629629629629629
          ]
        ],
        [
          [
            0.021739130434782608,
            0.015625,
            0.95
          ],
          [
            0.9583333333333334,
            0.024390243902439025,
            0.022727272727272728
          ],
          [
            0.021739130434782608,
            0.9545454545454546,
            0.018518518518518517
          ]
        ],
        [
          [
            0.021739130434782608,
            0.96875,
            0.025
          ],
          [
            0.020833333333333332,
            0.024390243902439025,
            0.9545454545454546
          ],
          [
            0.9565217391304348,
            0.022727272727272728,
            0.018518518518518517
          ]
        ]
      ]
    },
    "3": {
      "shape": [
        3,
        3,
        3
      ],
      "values": [
        [
          [
            0.2222222222222222,
            0.3137254901960784,
            0.31746031746031744
          ],
          [
            0.25,
            0.4634146341463415,
            0.20454545454545456
          ],
          [
            0.3111111111111111,
            0.24,
            0.30612244897959184
          ]
        ],
        [
          [
            0.2777777777777778,
            0.3333333333333333,
            0.31746031746031744
          ],
          [
            0.375,
            0.34146341463414637,
            0.5454545454545454
          ],
          [
            0.28888888888888886,
            0.3,
            0.42857142857142855
          ]
        ],
        [
          [
            0.5,
            0.35294117647058826,
            0.36507936507936506
          ],
          [
            0.375,
            0.1951219512195122,
            0.25
          ],
          [
            0.4,
            0.46,
            0.2653061224489796
          ]
        ]
      ]
    },
    "4": {
      "shape": [
        3,
        3,
        3
      ],
      "values": [
        [
          [
            0.3409090909090909,
            0.3404255319148936,
            0.2542372881355932
          ],
          [
            0.325,
            0.25,
            0.43243243243243246
          ],
          [
            0.43902439024390244,
            0.30612244897959184,
            0.35185185185185186
          ]
        ],
        [
          [
            0.3409090909090909,
            0.3829787234042553,
            0.3389830508474576
          ],
          [
            0.35,
            0.3392857142857143,
            0.2972972972972973
          ],
          [
            0.34146341463414637,
            0.40816326530612246,
            0.25925925925925924
          ]
        ],
        [
          [
            0.3181818181818182,
            0.2765957446808511,
            0.4067796610169492
          ],
          [
            0.325,
            0.4107142857142857,
            0.2702702702702703
          ],
          [
            0.21951219512195122,
            0.2857142857142857,
            0.3888888888888889
          ]
        ]
      ]
    },
    "5": {
      "shape": [
        3,
        3,
        3
      ],
      "values": [
        [
          [
            0.34782608695652173,
            0.375,
            0.275
          ],
          [
            0.3125,
            0.4634146341463415,
            0.2727272727272727
          ],
          [
            0.34782608695652173,
            0.29545454545454547,
            0.35185185185185186
          ]
        ],
        [
          [
            0.34782608695652173,
            0.28125,
            0.4
          ],
          [
            0.2708333333333333,
            0.21951219512195122,
            0.5227272727272727
          ],
          [
            0.2391304347826087,
            0.3181818181818182,
            0.2777777777777778
          ]
        ],
        [
          [
            0.30434782608695654,
            0.34375,
            0.325
          ],
          [
            0.4166666666666667,
            0.3170731707317073,
            0.20454545454545456
          ],
          [
            0.41304347826086957,
            0.38636363636363635,
            0.37037037037037035
          ]
        ]
      ]
    }
  },
  "cardinalities": {
    "0": 3,
    "1": 3,
    "2": 3,
    "3": 3,
    "4": 3,
    "5": 3,
    "Y": 3
  },
  "feature_importances": [
    0.2577431804082538,
    0.20443384760990901,
    0.21402964936924238,
    0.1978959026373962,
    0.043292726059443655,
    0.08260469125974347
  ],
  "markov_blanket": [
    0,
    1,
    2,
    3,
    4,
    5
  ]
}